cd_id,produto_id,quantidade_estoque,estoque_minimo,data_atualizacao
1,1,745,246,2026-08-08T08:00:00
1,2,934,198,2026-08-08T08:00:00
1,3,1066,211,2026-08-08T08:00:00
1,4,218,72,2026-08-08T08:00:00
1,5,441,104,2026-08-08T08:00:00
1,6,740,74,2026-08-08T08:00:00
1,7,804,80,2026-08-08T08:00:00
1,8,1095,205,2026-08-08T08:00:00
1,9,1455,90,2026-08-08T08:00:00
1,10,123,125,2026-08-08T08:00:00
1,11,1092,137,2026-08-08T08:00:00
1,12,311,63,2026-08-08T08:00:00
1,13,243,222,2026-08-08T08:00:00
1,14,1230,219,2026-08-08T08:00:00
1,15,768,53,2026-08-08T08:00:00
1,16,1012,168,2026-08-08T08:00:00
1,17,951,169,2026-08-08T08:00:00
1,18,370,175,2026-08-08T08:00:00
1,19,1428,101,2026-08-08T08:00:00
1,20,376,83,2026-08-08T08:00:00
1,21,954,67,2026-08-08T08:00:00
1,22,901,194,2026-08-08T08:00:00
1,23,446,148,2026-08-08T08:00:00
1,24,368,172,2026-08-08T08:00:00
1,25,272,161,2026-08-08T08:00:00
1,26,852,181,2026-08-08T08:00:00
1,27,1353,191,2026-08-08T08:00:00
1,28,411,92,2026-08-08T08:00:00
1,29,648,187,2026-08-08T08:00:00
1,30,590,105,2026-08-08T08:00:00
1,31,1047,55,2026-08-08T08:00:00
1,32,1255,213,2026-08-08T08:00:00
1,33,134,200,2026-08-08T08:00:00
1,34,824,200,2026-08-08T08:00:00
1,35,1147,125,2026-08-08T08:00:00
1,36,1224,204,2026-08-08T08:00:00
1,37,1047,107,2026-08-08T08:00:00
1,38,333,109,2026-08-08T08:00:00
1,39,477,123,2026-08-08T08:00:00
1,40,1151,194,2026-08-08T08:00:00
1,41,508,99,2026-08-08T08:00:00
1,42,1095,64,2026-08-08T08:00:00
1,43,849,101,2026-08-08T08:00:00
1,44,888,141,2026-08-08T08:00:00
1,45,105,113,2026-08-08T08:00:00
1,46,754,193,2026-08-08T08:00:00
1,47,1382,65,2026-08-08T08:00:00
1,48,1049,181,2026-08-08T08:00:00
1,49,9,112,2026-08-08T08:00:00
1,50,208,86,2026-08-08T08:00:00
1,51,496,96,2026-08-08T08:00:00
1,52,913,89,2026-08-08T08:00:00
1,53,220,222,2026-08-08T08:00:00
1,54,786,109,2026-08-08T08:00:00
1,55,1233,212,2026-08-08T08:00:00
1,56,13,108,2026-08-08T08:00:00
1,57,809,50,2026-08-08T08:00:00
1,58,1013,51,2026-08-08T08:00:00
1,59,1476,123,2026-08-08T08:00:00
1,60,801,220,2026-08-08T08:00:00
1,61,829,168,2026-08-08T08:00:00
1,62,1435,185,2026-08-08T08:00:00
1,63,611,132,2026-08-08T08:00:00
1,64,972,105,2026-08-08T08:00:00
1,65,2,178,2026-08-08T08:00:00
1,66,992,165,2026-08-08T08:00:00
1,67,465,56,2026-08-08T08:00:00
1,68,286,160,2026-08-08T08:00:00
1,69,48,176,2026-08-08T08:00:00
1,70,278,123,2026-08-08T08:00:00
1,71,1480,118,2026-08-08T08:00:00
1,72,604,207,2026-08-08T08:00:00
1,73,100,124,2026-08-08T08:00:00
1,74,726,107,2026-08-08T08:00:00
1,75,1475,206,2026-08-08T08:00:00
1,76,86,246,2026-08-08T08:00:00
1,77,300,86,2026-08-08T08:00:00
1,78,1122,125,2026-08-08T08:00:00
1,79,58,50,2026-08-08T08:00:00
1,80,1050,147,2026-08-08T08:00:00
2,1,705,106,2026-08-08T08:00:00
2,2,321,215,2026-08-08T08:00:00
2,3,650,233,2026-08-08T08:00:00
2,4,873,73,2026-08-08T08:00:00
2,5,639,222,2026-08-08T08:00:00
2,6,111,92,2026-08-08T08:00:00
2,7,754,111,2026-08-08T08:00:00
2,8,917,227,2026-08-08T08:00:00
2,9,1058,123,2026-08-08T08:00:00
2,10,1228,53,2026-08-08T08:00:00
2,11,1127,60,2026-08-08T08:00:00
2,12,273,117,2026-08-08T08:00:00
2,13,202,226,2026-08-08T08:00:00
2,14,958,67,2026-08-08T08:00:00
2,15,1068,89,2026-08-08T08:00:00
2,16,1115,243,2026-08-08T08:00:00
2,17,94,132,2026-08-08T08:00:00
2,18,951,224,2026-08-08T08:00:00
2,19,983,126,2026-08-08T08:00:00
2,20,74,153,2026-08-08T08:00:00
2,21,662,239,2026-08-08T08:00:00
2,22,754,241,2026-08-08T08:00:00
2,23,843,83,2026-08-08T08:00:00
2,24,124,185,2026-08-08T08:00:00
2,25,282,134,2026-08-08T08:00:00
2,26,1036,79,2026-08-08T08:00:00
2,27,171,55,2026-08-08T08:00:00
2,28,478,151,2026-08-08T08:00:00
2,29,601,68,2026-08-08T08:00:00
2,30,843,237,2026-08-08T08:00:00
2,31,343,99,2026-08-08T08:00:00
2,32,70,137,2026-08-08T08:00:00
2,33,235,195,2026-08-08T08:00:00
2,34,859,151,2026-08-08T08:00:00
2,35,132,125,2026-08-08T08:00:00
2,36,839,175,2026-08-08T08:00:00
2,37,1456,89,2026-08-08T08:00:00
2,38,1345,148,2026-08-08T08:00:00
2,39,657,242,2026-08-08T08:00:00
2,40,421,206,2026-08-08T08:00:00
2,41,835,116,2026-08-08T08:00:00
2,42,378,232,2026-08-08T08:00:00
2,43,1175,224,2026-08-08T08:00:00
2,44,1149,104,2026-08-08T08:00:00
2,45,1338,236,2026-08-08T08:00:00
2,46,1161,147,2026-08-08T08:00:00
2,47,775,236,2026-08-08T08:00:00
2,48,506,159,2026-08-08T08:00:00
2,49,1364,69,2026-08-08T08:00:00
2,50,856,77,2026-08-08T08:00:00
2,51,1276,149,2026-08-08T08:00:00
2,52,838,54,2026-08-08T08:00:00
2,53,45,203,2026-08-08T08:00:00
2,54,1440,111,2026-08-08T08:00:00
2,55,903,56,2026-08-08T08:00:00
2,56,168,179,2026-08-08T08:00:00
2,57,360,171,2026-08-08T08:00:00
2,58,1078,75,2026-08-08T08:00:00
2,59,1019,86,2026-08-08T08:00:00
2,60,649,198,2026-08-08T08:00:00
2,61,700,80,2026-08-08T08:00:00
2,62,1114,51,2026-08-08T08:00:00
2,63,1476,249,2026-08-08T08:00:00
2,64,1297,108,2026-08-08T08:00:00
2,65,61,228,2026-08-08T08:00:00
2,66,1056,132,2026-08-08T08:00:00
2,67,347,242,2026-08-08T08:00:00
2,68,598,135,2026-08-08T08:00:00
2,69,1192,199,2026-08-08T08:00:00
2,70,598,243,2026-08-08T08:00:00
2,71,698,106,2026-08-08T08:00:00
2,72,292,55,2026-08-08T08:00:00
2,73,119,139,2026-08-08T08:00:00
2,74,1469,202,2026-08-08T08:00:00
2,75,271,162,2026-08-08T08:00:00
2,76,598,217,2026-08-08T08:00:00
2,77,381,103,2026-08-08T08:00:00
2,78,1033,63,2026-08-08T08:00:00
2,79,421,94,2026-08-08T08:00:00
2,80,639,95,2026-08-08T08:00:00
3,1,1247,117,2026-08-08T08:00:00
3,2,535,112,2026-08-08T08:00:00
3,3,637,96,2026-08-08T08:00:00
3,4,1099,74,2026-08-08T08:00:00
3,5,129,154,2026-08-08T08:00:00
3,6,728,192,2026-08-08T08:00:00
3,7,143,231,2026-08-08T08:00:00
3,8,876,105,2026-08-08T08:00:00
3,9,1146,182,2026-08-08T08:00:00
3,10,1364,155,2026-08-08T08:00:00
3,11,1036,226,2026-08-08T08:00:00
3,12,1238,189,2026-08-08T08:00:00
3,13,569,86,2026-08-08T08:00:00
3,14,48,103,2026-08-08T08:00:00
3,15,705,174,2026-08-08T08:00:00
3,16,287,200,2026-08-08T08:00:00
3,17,1301,65,2026-08-08T08:00:00
3,18,1287,179,2026-08-08T08:00:00
3,19,106,84,2026-08-08T08:00:00
3,20,1121,238,2026-08-08T08:00:00
3,21,1110,242,2026-08-08T08:00:00
3,22,545,221,2026-08-08T08:00:00
3,23,1291,222,2026-08-08T08:00:00
3,24,22,242,2026-08-08T08:00:00
3,25,783,107,2026-08-08T08:00:00
3,26,1129,154,2026-08-08T08:00:00
3,27,568,76,2026-08-08T08:00:00
3,28,1206,141,2026-08-08T08:00:00
3,29,918,70,2026-08-08T08:00:00
3,30,406,188,2026-08-08T08:00:00
3,31,440,65,2026-08-08T08:00:00
3,32,431,221,2026-08-08T08:00:00
3,33,1437,220,2026-08-08T08:00:00
3,34,561,243,2026-08-08T08:00:00
3,35,1259,55,2026-08-08T08:00:00
3,36,534,213,2026-08-08T08:00:00
3,37,271,108,2026-08-08T08:00:00
3,38,1451,89,2026-08-08T08:00:00
3,39,1102,200,2026-08-08T08:00:00
3,40,399,74,2026-08-08T08:00:00
3,41,155,225,2026-08-08T08:00:00
3,42,359,225,2026-08-08T08:00:00
3,43,757,161,2026-08-08T08:00:00
3,44,993,134,2026-08-08T08:00:00
3,45,1426,227,2026-08-08T08:00:00
3,46,994,192,2026-08-08T08:00:00
3,47,1074,56,2026-08-08T08:00:00
3,48,410,132,2026-08-08T08:00:00
3,49,207,135,2026-08-08T08:00:00
3,50,977,221,2026-08-08T08:00:00
3,51,1124,226,2026-08-08T08:00:00
3,52,1008,158,2026-08-08T08:00:00
3,53,905,72,2026-08-08T08:00:00
3,54,1212,171,2026-08-08T08:00:00
3,55,1086,142,2026-08-08T08:00:00
3,56,1185,134,2026-08-08T08:00:00
3,57,1280,246,2026-08-08T08:00:00
3,58,255,249,2026-08-08T08:00:00
3,59,1191,131,2026-08-08T08:00:00
3,60,809,236,2026-08-08T08:00:00
3,61,770,98,2026-08-08T08:00:00
3,62,926,88,2026-08-08T08:00:00
3,63,583,181,2026-08-08T08:00:00
3,64,878,150,2026-08-08T08:00:00
3,65,210,199,2026-08-08T08:00:00
3,66,374,71,2026-08-08T08:00:00
3,67,416,146,2026-08-08T08:00:00
3,68,97,186,2026-08-08T08:00:00
3,69,1037,150,2026-08-08T08:00:00
3,70,697,107,2026-08-08T08:00:00
3,71,706,150,2026-08-08T08:00:00
3,72,889,167,2026-08-08T08:00:00
3,73,375,160,2026-08-08T08:00:00
3,74,571,163,2026-08-08T08:00:00
3,75,1003,138,2026-08-08T08:00:00
3,76,513,116,2026-08-08T08:00:00
3,77,1311,64,2026-08-08T08:00:00
3,78,1231,59,2026-08-08T08:00:00
3,79,954,156,2026-08-08T08:00:00
3,80,1075,221,2026-08-08T08:00:00
4,1,1241,207,2026-08-08T08:00:00
4,2,888,157,2026-08-08T08:00:00
4,3,1035,177,2026-08-08T08:00:00
4,4,783,245,2026-08-08T08:00:00
4,5,463,243,2026-08-08T08:00:00
4,6,1080,248,2026-08-08T08:00:00
4,7,370,53,2026-08-08T08:00:00
4,8,564,177,2026-08-08T08:00:00
4,9,1415,199,2026-08-08T08:00:00
4,10,362,70,2026-08-08T08:00:00
4,11,836,122,2026-08-08T08:00:00
4,12,548,83,2026-08-08T08:00:00
4,13,832,126,2026-08-08T08:00:00
4,14,231,138,2026-08-08T08:00:00
4,15,148,85,2026-08-08T08:00:00
4,16,934,149,2026-08-08T08:00:00
4,17,143,87,2026-08-08T08:00:00
4,18,66,234,2026-08-08T08:00:00
4,19,647,83,2026-08-08T08:00:00
4,20,513,152,2026-08-08T08:00:00
4,21,81,118,2026-08-08T08:00:00
4,22,695,134,2026-08-08T08:00:00
4,23,1480,127,2026-08-08T08:00:00
4,24,272,245,2026-08-08T08:00:00
4,25,1456,182,2026-08-08T08:00:00
4,26,1229,59,2026-08-08T08:00:00
4,27,893,217,2026-08-08T08:00:00
4,28,1,159,2026-08-08T08:00:00
4,29,232,73,2026-08-08T08:00:00
4,30,985,144,2026-08-08T08:00:00
4,31,643,76,2026-08-08T08:00:00
4,32,493,161,2026-08-08T08:00:00
4,33,627,124,2026-08-08T08:00:00
4,34,1447,63,2026-08-08T08:00:00
4,35,624,180,2026-08-08T08:00:00
4,36,875,96,2026-08-08T08:00:00
4,37,850,203,2026-08-08T08:00:00
4,38,767,230,2026-08-08T08:00:00
4,39,1020,98,2026-08-08T08:00:00
4,40,972,111,2026-08-08T08:00:00
4,41,379,59,2026-08-08T08:00:00
4,42,1125,146,2026-08-08T08:00:00
4,43,1231,218,2026-08-08T08:00:00
4,44,409,72,2026-08-08T08:00:00
4,45,1091,83,2026-08-08T08:00:00
4,46,1022,198,2026-08-08T08:00:00
4,47,1053,177,2026-08-08T08:00:00
4,48,332,89,2026-08-08T08:00:00
4,49,987,84,2026-08-08T08:00:00
4,50,711,64,2026-08-08T08:00:00
4,51,379,53,2026-08-08T08:00:00
4,52,439,134,2026-08-08T08:00:00
4,53,146,71,2026-08-08T08:00:00
4,54,1130,108,2026-08-08T08:00:00
4,55,661,224,2026-08-08T08:00:00
4,56,77,59,2026-08-08T08:00:00
4,57,543,209,2026-08-08T08:00:00
4,58,1450,126,2026-08-08T08:00:00
4,59,444,132,2026-08-08T08:00:00
4,60,802,244,2026-08-08T08:00:00
4,61,343,163,2026-08-08T08:00:00
4,62,1327,57,2026-08-08T08:00:00
4,63,946,208,2026-08-08T08:00:00
4,64,522,160,2026-08-08T08:00:00
4,65,1250,205,2026-08-08T08:00:00
4,66,946,80,2026-08-08T08:00:00
4,67,304,102,2026-08-08T08:00:00
4,68,1040,232,2026-08-08T08:00:00
4,69,772,135,2026-08-08T08:00:00
4,70,1450,152,2026-08-08T08:00:00
4,71,1030,178,2026-08-08T08:00:00
4,72,1289,155,2026-08-08T08:00:00
4,73,548,200,2026-08-08T08:00:00
4,74,84,94,2026-08-08T08:00:00
4,75,167,234,2026-08-08T08:00:00
4,76,1316,60,2026-08-08T08:00:00
4,77,362,149,2026-08-08T08:00:00
4,78,1448,249,2026-08-08T08:00:00
4,79,895,181,2026-08-08T08:00:00
4,80,489,146,2026-08-08T08:00:00
5,1,1397,240,2026-08-08T08:00:00
5,2,815,65,2026-08-08T08:00:00
5,3,481,134,2026-08-08T08:00:00
5,4,458,230,2026-08-08T08:00:00
5,5,786,186,2026-08-08T08:00:00
5,6,1196,123,2026-08-08T08:00:00
5,7,1231,245,2026-08-08T08:00:00
5,8,512,201,2026-08-08T08:00:00
5,9,843,245,2026-08-08T08:00:00
5,10,1034,166,2026-08-08T08:00:00
5,11,1236,51,2026-08-08T08:00:00
5,12,1322,244,2026-08-08T08:00:00
5,13,1185,214,2026-08-08T08:00:00
5,14,532,160,2026-08-08T08:00:00
5,15,235,82,2026-08-08T08:00:00
5,16,696,226,2026-08-08T08:00:00
5,17,875,177,2026-08-08T08:00:00
5,18,1441,50,2026-08-08T08:00:00
5,19,73,148,2026-08-08T08:00:00
5,20,261,246,2026-08-08T08:00:00
5,21,468,167,2026-08-08T08:00:00
5,22,1,192,2026-08-08T08:00:00
5,23,1471,181,2026-08-08T08:00:00
5,24,693,153,2026-08-08T08:00:00
5,25,659,188,2026-08-08T08:00:00
5,26,208,89,2026-08-08T08:00:00
5,27,849,117,2026-08-08T08:00:00
5,28,1307,227,2026-08-08T08:00:00
5,29,1411,103,2026-08-08T08:00:00
5,30,455,133,2026-08-08T08:00:00
5,31,1180,70,2026-08-08T08:00:00
5,32,1062,236,2026-08-08T08:00:00
5,33,1320,103,2026-08-08T08:00:00
5,34,608,166,2026-08-08T08:00:00
5,35,464,129,2026-08-08T08:00:00
5,36,537,119,2026-08-08T08:00:00
5,37,537,83,2026-08-08T08:00:00
5,38,701,249,2026-08-08T08:00:00
5,39,376,107,2026-08-08T08:00:00
5,40,350,129,2026-08-08T08:00:00
5,41,94,88,2026-08-08T08:00:00
5,42,430,175,2026-08-08T08:00:00
5,43,517,67,2026-08-08T08:00:00
5,44,800,182,2026-08-08T08:00:00
5,45,953,150,2026-08-08T08:00:00
5,46,327,179,2026-08-08T08:00:00
5,47,1266,50,2026-08-08T08:00:00
5,48,1089,184,2026-08-08T08:00:00
5,49,437,59,2026-08-08T08:00:00
5,50,786,233,2026-08-08T08:00:00
5,51,1152,208,2026-08-08T08:00:00
5,52,601,74,2026-08-08T08:00:00
5,53,834,161,2026-08-08T08:00:00
5,54,842,241,2026-08-08T08:00:00
5,55,1149,98,2026-08-08T08:00:00
5,56,1162,64,2026-08-08T08:00:00
5,57,575,134,2026-08-08T08:00:00
5,58,587,77,2026-08-08T08:00:00
5,59,407,205,2026-08-08T08:00:00
5,60,29,232,2026-08-08T08:00:00
5,61,1240,139,2026-08-08T08:00:00
5,62,298,249,2026-08-08T08:00:00
5,63,1437,88,2026-08-08T08:00:00
5,64,1209,233,2026-08-08T08:00:00
5,65,1250,114,2026-08-08T08:00:00
5,66,928,230,2026-08-08T08:00:00
5,67,915,230,2026-08-08T08:00:00
5,68,284,119,2026-08-08T08:00:00
5,69,1448,54,2026-08-08T08:00:00
5,70,1259,110,2026-08-08T08:00:00
5,71,217,137,2026-08-08T08:00:00
5,72,611,246,2026-08-08T08:00:00
5,73,541,187,2026-08-08T08:00:00
5,74,479,176,2026-08-08T08:00:00
5,75,1175,179,2026-08-08T08:00:00
5,76,957,129,2026-08-08T08:00:00
5,77,1089,187,2026-08-08T08:00:00
5,78,468,105,2026-08-08T08:00:00
5,79,76,200,2026-08-08T08:00:00
5,80,24,180,2026-08-08T08:00:00
